Feature,Interest_621,SpectrumID,Compound_Name,Adduct,Precursor_MZ,ExactMass,LibraryQualityString,NPC_Class,NPC_Pathway,ClassyFire_Class
100392,Yes,NA,NA,NA,NA,NA,NA,NA,NA,NA
100477,Yes,NA,NA,NA,NA,NA,NA,NA,NA,NA
101068,Yes,NA,NA,NA,NA,NA,NA,Aminoacids,Amino acids and Peptides,S-alkyl thiosulfates
1017306,Yes,CCMSLIB00005721633,"NCGC00186665-03!2,3-dihydroxypropyl hexadecanoate [IIN-based on: CCMSLIB00000849057]",[M+H]+,331.283,330.276,Bronze,Monoacylglycerols,Fatty acids,1-monoacylglycerols
1017346,Yes,CCMSLIB00000849055,"NCGC00186665-03!2,3-dihydroxypropyl hexadecanoate",M+H,331.284,330.277,Gold,Monoacylglycerols,Fatty acids,1-monoacylglycerols
1018001,Yes,NA,NA,NA,NA,NA,NA,Monoacylglycerols,Fatty acids,1-monoacylglycerols
102587,Yes,NA,NA,NA,NA,NA,NA,Fatty alcohols,Fatty acids,Organosulfonic acids and derivatives
102591,Yes,NA,NA,NA,NA,NA,NA,Monoacylglycerols,Fatty acids,Benzene and substituted derivatives
1032003,Yes,NA,NA,NA,NA,NA,NA,N-acyl amines,Alkaloids,Lipids and lipid-like molecules
1061256,Yes,CCMSLIB00001058283,Eicosanoids_11-HEPE_C20H30O3,M+NH4,336.253,318.22,Gold,Pyridine alkaloids,Alkaloids,Alpha amino acids and derivatives
1062618,Yes,NA,NA,NA,NA,NA,NA,NA,NA,NA
1062620,Yes,NA,NA,NA,NA,NA,NA,NA,NA,NA
1062626,Yes,NA,NA,NA,NA,NA,NA,NA,NA,NA
1083702,Yes,NA,NA,NA,NA,NA,NA,Polyamines,Alkaloids,Heteroaromatic compounds
1084057,Yes,NA,NA,NA,NA,NA,NA,Monoacylglycerols,Fatty acids,Eicosanoids
1084349,Yes,NA,NA,NA,NA,NA,NA,Monoacylglycerols,Fatty acids,Lineolic acids and derivatives
1084422,Yes,NA,NA,NA,NA,NA,NA,Epoxy fatty acids,Fatty acids,Lineolic acids and derivatives
109585,Yes,NA,NA,NA,NA,NA,NA,Hydrocarbons,Fatty acids,Organothiophosphorus compounds
1186810,Yes,CCMSLIB00003140207,Spectral Match to Trp-Phe from NIST14,M+H,352.165,351.158,Bronze,Dipeptides,Amino acids and Peptides,Dipeptides
1188473,Yes,NA,NA,NA,NA,NA,NA,Phenazine alkaloids,Alkaloids,Alkylarylthioethers
1188696,Yes,NA,NA,NA,NA,NA,NA,Glycerophosphoethanolamines,Fatty acids,Dithiophosphate S-esters
1203541,Yes,NA,NA,NA,NA,NA,NA,Pregnane steroids,Terpenoids,3-oxo delta-5-steroids
1205654,Yes,NA,NA,NA,NA,NA,NA,Monoacylglycerols,Fatty acids,Lineolic acids and derivatives
1205937,Yes,CCMSLIB00003137660,"Spectral Match to Monolinolenin (9c,12c,15c) from NIST14",M+H,353.27,0,Bronze,Monoacylglycerols,Fatty acids,1-monoacylglycerols
1206394,Yes,NA,NA,NA,NA,NA,NA,Piperidine alkaloids,Amino acids and Peptides,Alpha amino acid amides
1222102,Yes,CCMSLIB00005435979,Cholic acid,M-3H2O+H,355.263,408.288,Bronze,Pregnane steroids,Terpenoids,3-oxo delta-4-steroids
1222456,Yes,NA,NA,NA,NA,NA,NA,Androstane steroids,Terpenoids,Oxosteroids
1222508,Yes,NA,NA,NA,NA,NA,NA,Cholestane steroids,Terpenoids,3-hydroxysteroids
1222722,Yes,CCMSLIB00005435979,Cholic acid,M-3H2O+H,355.263,408.288,Bronze,Pregnane steroids,Terpenoids,"Bile acids, alcohols and derivatives"
1223064,Yes,CCMSLIB00005465354,"""(4R)-4-((5S,7R,9S,10S,13R,14S,17R)-7-hydroxy-10,13-dimethyl-3-oxohexadecahydro-1H-cyclopenta[a]phenanthren-17-yl)pentanoic acid""",M-2H2O+H,355.263,390.277,Gold,Cholestane steroids,Terpenoids,"Bile acids, alcohols and derivatives"
1223387,Yes,NA,NA,NA,NA,NA,NA,Monoacylglycerols,Fatty acids,Lineolic acids and derivatives
1223404,Yes,NA,NA,NA,NA,NA,NA,N-acyl amines,Fatty acids,Hydroxamic acids
1224709,Yes,NA,NA,NA,NA,NA,NA,Monoacylglycerols,Fatty acids,Lineolic acids and derivatives
1225191,Yes,NA,NA,NA,NA,NA,NA,Monoacylglycerols,Fatty acids,Long-chain fatty alcohols
1225596,Yes,NA,NA,NA,NA,NA,NA,Monoacylglycerols,Fatty acids,Lineolic acids and derivatives
1225653,Yes,CCMSLIB00003138475,Spectral Match to 1-Linoleoylglycerol from NIST14,M+H,355.284,354.277,Bronze,Monoacylglycerols,Fatty acids,Fatty alcohols
1226323,Yes,CCMSLIB00003138475,Spectral Match to 1-Linoleoylglycerol from NIST14,M+H,355.284,354.277,Bronze,Monoacylglycerols,Fatty acids,Lineolic acids and derivatives
1226469,Yes,NA,NA,NA,NA,NA,NA,Monoacylglycerols,Fatty acids,Lineolic acids and derivatives
123084,Yes,CCMSLIB00003134676,Spectral Match to L-Tryptophan from NIST14,M+H,205.099,204.09,Bronze,Pyridine alkaloids,Alkaloids,Alpha amino acids
1234206,Yes,CCMSLIB00005464798,"""(R)-4-((3R,5R,6R,8S,9S,10R,13R,14S,17R)-3,6-dihydroxy-10,13-dimethylhexadecahydro-1H-cyclopenta[a]phenanthren-17-yl)pentanoic acid""",M-2H2O+H,357.279,392.293,Gold,Cholestane steroids,Terpenoids,"Bile acids, alcohols and derivatives"
1237809,Yes,NA,NA,NA,NA,NA,NA,N-acyl amines,Fatty acids,Semicarbazides
1237810,Yes,NA,NA,NA,NA,NA,NA,Polyamines,Alkaloids,Dialkylthioethers
1244261,Yes,NA,NA,NA,NA,NA,NA,Tripeptides,Amino acids and Peptides,Oligopeptides
1244602,Yes,NA,NA,NA,NA,NA,NA,Dicarboxylic acids,Fatty acids,Fatty acid esters
1245593,Yes,NA,NA,NA,NA,NA,NA,Pyrrolidine alkaloids,Alkaloids,Amino acids and derivatives
1245612,Yes,NA,NA,NA,NA,NA,NA,N-acyl amines,Fatty acids,Alpha amino acids
1247165,Yes,NA,NA,NA,NA,NA,NA,Tripeptides,Amino acids and Peptides,Oligopeptides
1251363,Yes,NA,NA,NA,NA,NA,NA,Dipeptides,Alkaloids,Alpha amino acid esters
1266196,Yes,NA,NA,NA,NA,NA,NA,Tripeptides,Amino acids and Peptides,Oligopeptides
1268016,Yes,NA,NA,NA,NA,NA,NA,Aminoacids,Alkaloids,Thiadiazole sulfonamides
1268251,Yes,NA,NA,NA,NA,NA,NA,Aminoacids,Amino acids and Peptides,Alpha amino acids and derivatives
1306390,Yes,NA,NA,NA,NA,NA,NA,Pregnane steroids,Terpenoids,Azasteroids and derivatives
1307874,Yes,NA,NA,NA,NA,NA,NA,Penicillins,Amino acids and Peptides,N-acyl-alpha amino acids and derivatives
1307985,Yes,NA,NA,NA,NA,NA,NA,Penicillins,Amino acids and Peptides,Alpha amino acids
1348223,Yes,NA,NA,NA,NA,NA,NA,N-acyl amines,Fatty acids,N-acyl-alpha amino acids and derivatives
1348261,Yes,NA,NA,NA,NA,NA,NA,N-acyl amines,Fatty acids,N-acyl-alpha amino acids and derivatives
1351863,Yes,NA,NA,NA,NA,NA,NA,Tripeptides,Amino acids and Peptides,Oligopeptides
1352424,Yes,CCMSLIB00005464864,"""(R)-4-((3R,5S,7R,8R,9S,10S,12S,13R,14S,17R)-3,7,12-trihydroxy-10,13-dimethylhexadecahydro-1H-cyclopenta[a]phenanthren-17-yl)pentanoic acid""",M-2H2O+H,373.274,408.288,Gold,Cholane steroids,Terpenoids,"Monohydroxy bile acids, alcohols and derivatives"
1352526,Yes,CCMSLIB00005465132,"""(4R)-4-((3R,5R,6R,9S,10R,12S,13R,14S,17R)-3,6,12-trihydroxy-10,13-dimethylhexadecahydro-1H-cyclopenta[a]phenanthren-17-yl)pentanoic acid""",M-2H2O+H,373.274,408.288,Gold,Cholane steroids,Terpenoids,"Monohydroxy bile acids, alcohols and derivatives"
1352603,Yes,CCMSLIB00005464893,"""(R)-4-((3S,5S,7S,8R,9S,10S,12R,13R,14S,17R)-3,7,12-trihydroxy-10,13-dimethylhexadecahydro-1H-cyclopenta[a]phenanthren-17-yl)pentanoic acid""",M-2H2O+H,373.274,408.288,Gold,Cholane steroids,Terpenoids,"Monohydroxy bile acids, alcohols and derivatives"
1352633,Yes,CCMSLIB00005465151,"""(4R)-4-((3R,4R,5S,7R,9S,10R,13R,14S,17R)-3,4,7-trihydroxy-10,13-dimethylhexadecahydro-1H-cyclopenta[a]phenanthren-17-yl)pentanoic acid""",M-2H2O+H,373.274,408.288,Gold,Cholane steroids,Terpenoids,"Bile acids, alcohols and derivatives"
1352639,Yes,CCMSLIB00005465711,"""(R)-4-((3R,5S,7S,8R,9S,10S,13R,14S,17R)-3,7-dihydroxy-10,13-dimethylhexadecahydro-1H-cyclopenta[a]phenanthren-17-yl)pent-2-enoic acid""",M-H2O+H,373.273,390.277,Gold,Cholane steroids,Terpenoids,"Monohydroxy bile acids, alcohols and derivatives"
1352670,Yes,CCMSLIB00005465297,"""(4R)-4-((3R,5S,7R,9S,10S,13R,14S,15R,17R)-3,7,15-trihydroxy-10,13-dimethylhexadecahydro-1H-cyclopenta[a]phenanthren-17-yl)pentanoic acid""",M-2H2O+H,373.274,408.288,Gold,Cholane steroids,Terpenoids,"Monohydroxy bile acids, alcohols and derivatives"
1352673,Yes,NA,NA,NA,NA,NA,NA,Cholestane steroids,Terpenoids,"Monohydroxy bile acids, alcohols and derivatives"
1352678,Yes,CCMSLIB00005465780,"""(R)-4-((3R,5R,6R,7R,8S,9S,10R,13R,14S,17R)-3,6,7-trihydroxy-10,13-dimethylhexadecahydro-1H-cyclopenta[a]phenanthren-17-yl)pentanoic acid""",M-2H2O+H,373.274,408.288,Gold,Cholestane steroids,Terpenoids,"Monohydroxy bile acids, alcohols and derivatives"
1352712,Yes,CCMSLIB00005435975,Cholic acid,M-2H2O+H,373.274,408.288,Bronze,Cholane steroids,Terpenoids,"Monohydroxy bile acids, alcohols and derivatives"
1352756,Yes,CCMSLIB00005465780,"""(R)-4-((3R,5R,6R,7R,8S,9S,10R,13R,14S,17R)-3,6,7-trihydroxy-10,13-dimethylhexadecahydro-1H-cyclopenta[a]phenanthren-17-yl)pentanoic acid""",M-2H2O+H,373.274,408.288,Gold,Cholane steroids,Terpenoids,"Monohydroxy bile acids, alcohols and derivatives"
1352793,Yes,NA,NA,NA,NA,NA,NA,Polyamines,Alkaloids,N-aliphatic s-triazines
1352797,Yes,CCMSLIB00005465151,"""(4R)-4-((3R,4R,5S,7R,9S,10R,13R,14S,17R)-3,4,7-trihydroxy-10,13-dimethylhexadecahydro-1H-cyclopenta[a]phenanthren-17-yl)pentanoic acid""",M-2H2O+H,373.274,408.288,Gold,Cholane steroids,Terpenoids,"Bile acids, alcohols and derivatives"
1352844,Yes,CCMSLIB00005465780,"""(R)-4-((3R,5R,6R,7R,8S,9S,10R,13R,14S,17R)-3,6,7-trihydroxy-10,13-dimethylhexadecahydro-1H-cyclopenta[a]phenanthren-17-yl)pentanoic acid""",M-2H2O+H,373.274,408.288,Gold,Cholane steroids,Terpenoids,"Monohydroxy bile acids, alcohols and derivatives"
1352926,Yes,CCMSLIB00005435975,Cholic acid,M-2H2O+H,373.274,408.288,Bronze,Cholane steroids,Terpenoids,"Monohydroxy bile acids, alcohols and derivatives"
1356166,Yes,NA,NA,NA,NA,NA,NA,Tripeptides,Amino acids and Peptides,Oligopeptides
1356362,Yes,NA,NA,NA,NA,NA,NA,Tripeptides,Amino acids and Peptides,Oligopeptides
1357110,Yes,NA,NA,NA,NA,NA,NA,Monoacylglycerols,Fatty acids,2-monoacylglycerols
1357111,Yes,NA,NA,NA,NA,NA,NA,Monoacylglycerols,Fatty acids,1-monoacylglycerols
1357113,Yes,NA,NA,NA,NA,NA,NA,Monoacylglycerols,Fatty acids,Monoacylglycerols
1357116,Yes,NA,NA,NA,NA,NA,NA,Monoacylglycerols,Fatty acids,Monoacylglycerols
1362772,Yes,NA,NA,NA,NA,NA,NA,Unsaturated fatty acids,Fatty acids,Eicosanoids
1363532,Yes,CCMSLIB00005464837,"""(R)-4-((3S,5S,8R,9S,10S,12S,13R,14S,17R)-3,12-dihydroxy-10,13-dimethylhexadecahydro-1H-cyclopenta[a]phenanthren-17-yl)pentanoic acid""",M-H2O+H,375.289,392.293,Gold,Cholane steroids,Terpenoids,"Monohydroxy bile acids, alcohols and derivatives"
1363852,Yes,CCMSLIB00005464742,"""(R)-4-((1R,3S,5R,8S,9S,10S,13R,14S,17R)-1,3-dihydroxy-10,13-dimethylhexadecahydro-1H-cyclopenta[a]phenanthren-17-yl)pentanoic acid""",M-H2O+H,375.289,392.293,Gold,Cholane steroids,Terpenoids,"Monohydroxy bile acids, alcohols and derivatives"
1363970,Yes,CCMSLIB00005464742,"""(R)-4-((1R,3S,5R,8S,9S,10S,13R,14S,17R)-1,3-dihydroxy-10,13-dimethylhexadecahydro-1H-cyclopenta[a]phenanthren-17-yl)pentanoic acid""",M-H2O+H,375.289,392.293,Gold,Cholane steroids,Terpenoids,"Hydroxy bile acids, alcohols and derivatives"
1364317,Yes,CCMSLIB00005464742,"""(R)-4-((1R,3S,5R,8S,9S,10S,13R,14S,17R)-1,3-dihydroxy-10,13-dimethylhexadecahydro-1H-cyclopenta[a]phenanthren-17-yl)pentanoic acid""",M-H2O+H,375.289,392.293,Gold,Cholane steroids,Terpenoids,"Hydroxy bile acids, alcohols and derivatives"
1364356,Yes,CCMSLIB00005464742,"""(R)-4-((1R,3S,5R,8S,9S,10S,13R,14S,17R)-1,3-dihydroxy-10,13-dimethylhexadecahydro-1H-cyclopenta[a]phenanthren-17-yl)pentanoic acid""",M-H2O+H,375.289,392.293,Gold,Cholane steroids,Terpenoids,"Monohydroxy bile acids, alcohols and derivatives"
1364618,Yes,CCMSLIB00005464687,"""(4R)-4-((3R,5R,6S,9S,10R,13R,14S,17R)-3,6-dihydroxy-10,13-dimethylhexadecahydro-1H-cyclopenta[a]phenanthren-17-yl)pentanoic acid""",M-H2O+H,375.289,392.293,Gold,Cholane steroids,Terpenoids,"Monohydroxy bile acids, alcohols and derivatives"
1364740,Yes,NA,NA,NA,NA,NA,NA,Cholane steroids,Terpenoids,"Monohydroxy bile acids, alcohols and derivatives"
1373116,Yes,NA,NA,NA,NA,NA,NA,Dipeptides,Amino acids and Peptides,Dipeptides
1373131,Yes,NA,NA,NA,NA,NA,NA,Dipeptides,Amino acids and Peptides,Dipeptides
1375260,Yes,NA,NA,NA,NA,NA,NA,pteridine alkaloids,Alkaloids,Alloxazines and isoalloxazines
1382396,Yes,NA,NA,NA,NA,NA,NA,Monoacylglycerols,Fatty acids,Other hydroxyeicosapolyenoic acids
1397718,Yes,NA,NA,NA,NA,NA,NA,Dipeptides,Amino acids and Peptides,Oligopeptides
1437123,Yes,NA,NA,NA,NA,NA,NA,Tripeptides,Amino acids and Peptides,Oligopeptides
1437155,Yes,NA,NA,NA,NA,NA,NA,Tripeptides,Amino acids and Peptides,Oligopeptides
1459940,Yes,NA,NA,NA,NA,NA,NA,Imidazole alkaloids,Alkaloids,Alpha amino acids and derivatives
1464819,Yes,CCMSLIB00005465139,"""(4R)-4-((3S,5S,7S,9S,10S,13R,14S,17R)-3,7-dihydroxy-10,13-dimethyl-12-oxohexadecahydro-1H-cyclopenta[a]phenanthren-17-yl)pentanoic acid""",M-H2O+H,389.268,406.272,Gold,Cholane steroids,Terpenoids,"Bile acids, alcohols and derivatives"
1464928,Yes,CCMSLIB00005465139,"""(4R)-4-((3S,5S,7S,9S,10S,13R,14S,17R)-3,7-dihydroxy-10,13-dimethyl-12-oxohexadecahydro-1H-cyclopenta[a]phenanthren-17-yl)pentanoic acid""",M-H2O+H,389.268,406.272,Gold,Cholane steroids,Terpenoids,"Bile acids, alcohols and derivatives"
1464943,Yes,NA,NA,NA,NA,NA,NA,Cholane steroids,Terpenoids,"Monohydroxy bile acids, alcohols and derivatives"
1481713,Yes,CCMSLIB00005465155,"""(4R)-4-((3R,5R,6R,7R,9S,10R,13R,14S,17R)-3,6,7-trihydroxy-10,13-dimethylhexadecahydro-1H-cyclopenta[a]phenanthren-17-yl)pentanoic acid""",M-H2O+H,391.284,408.288,Gold,Cholane steroids,Terpenoids,"Dihydroxy bile acids, alcohols and derivatives"
1483036,Yes,CCMSLIB00003135123,Spectral Match to 12-Ketodeoxycholic acid from NIST14,M+H,391.284,0,Bronze,Cholane steroids,Terpenoids,"Monohydroxy bile acids, alcohols and derivatives"
1483960,Yes,CCMSLIB00005465622,"""(4R)-4-((3R,5R,6S,7R,9S,10R,13R,14S,17R)-3,6,7-trihydroxy-10,13-dimethylhexadecahydro-1H-cyclopenta[a]phenanthren-17-yl)pentanoic acid""",M-H2O+H,391.284,408.288,Gold,Cholane steroids,Terpenoids,"Hydroxy bile acids, alcohols and derivatives"
1484817,Yes,CCMSLIB00005464905,"""(R)-4-((3R,5R,6S,7R,8S,9S,10R,13R,14S,17R)-3,6,7-trihydroxy-10,13-dimethylhexadecahydro-1H-cyclopenta[a]phenanthren-17-yl)pentanoic acid""",M-H2O+H,391.284,408.288,Gold,Cholane steroids,Terpenoids,"Dihydroxy bile acids, alcohols and derivatives"
1484950,Yes,CCMSLIB00005464730,"""(R)-4-((3R,5R,8S,9S,10R,13R,14S,17R)-3-hydroxy-10,13-dimethyl-6-oxohexadecahydro-1H-cyclopenta[a]phenanthren-17-yl)pentanoic acid""",M+H,391.284,390.277,Gold,Cholane steroids,Terpenoids,"Hydroxy bile acids, alcohols and derivatives"
1485659,Yes,CCMSLIB00005465622,"""(4R)-4-((3R,5R,6S,7R,9S,10R,13R,14S,17R)-3,6,7-trihydroxy-10,13-dimethylhexadecahydro-1H-cyclopenta[a]phenanthren-17-yl)pentanoic acid""",M-H2O+H,391.284,408.288,Gold,Cholane steroids,Terpenoids,"Monohydroxy bile acids, alcohols and derivatives"
1485847,Yes,CCMSLIB00005465622,"""(4R)-4-((3R,5R,6S,7R,9S,10R,13R,14S,17R)-3,6,7-trihydroxy-10,13-dimethylhexadecahydro-1H-cyclopenta[a]phenanthren-17-yl)pentanoic acid""",M-H2O+H,391.284,408.288,Gold,Cholane steroids,Terpenoids,"Dihydroxy bile acids, alcohols and derivatives"
1487755,Yes,CCMSLIB00005464730,"""(R)-4-((3R,5R,8S,9S,10R,13R,14S,17R)-3-hydroxy-10,13-dimethyl-6-oxohexadecahydro-1H-cyclopenta[a]phenanthren-17-yl)pentanoic acid""",M+H,391.284,390.277,Gold,Cholane steroids,Terpenoids,"Hydroxy bile acids, alcohols and derivatives"
1488052,Yes,NA,NA,NA,NA,NA,NA,Cholane steroids,Terpenoids,"Dihydroxy bile acids, alcohols and derivatives"
1488282,Yes,NA,NA,NA,NA,NA,NA,Cholane steroids,Terpenoids,"Monohydroxy bile acids, alcohols and derivatives"
1491588,Yes,CCMSLIB00005464861,"""(R)-4-((3R,5S,7R,8R,9S,10S,12S,13R,14S,17R)-3,7,12-trihydroxy-10,13-dimethylhexadecahydro-1H-cyclopenta[a]phenanthren-17-yl)pentanoic acid""",M-H2O+H,391.284,408.288,Gold,Cholane steroids,Terpenoids,"Monohydroxy bile acids, alcohols and derivatives"
1499055,Yes,NA,NA,NA,NA,NA,NA,Tripeptides,Amino acids and Peptides,N-acyl-alpha amino acids and derivatives
150104,Yes,NA,NA,NA,NA,NA,NA,Acridone alkaloids,Alkaloids,Benzenoids
150156,Yes,NA,NA,NA,NA,NA,NA,Aminoacids,Amino acids and Peptides,Alpha amino acids and derivatives
1507402,Yes,NA,NA,NA,NA,NA,NA,Tripeptides,Amino acids and Peptides,Oligopeptides
1508276,Yes,NA,NA,NA,NA,NA,NA,Tripeptides,Amino acids and Peptides,Oligopeptides
1555119,Yes,NA,NA,NA,NA,NA,NA,NA,NA,NA
1566393,Yes,NA,NA,NA,NA,NA,NA,Cholane steroids,Terpenoids,"Hydroxy bile acids, alcohols and derivatives"
1570107,Yes,CCMSLIB00005465832,"""methyl (R)-4-((3R,5S,7R,8R,9S,10S,13R,14S,15S,17R)-3,7,15-trihydroxy-10,13-dimethylhexadecahydro-1H-cyclopenta[a]phenanthren-17-yl)pentanoate""",M-H2O+H,405.299,422.303,Gold,Cholane steroids,Terpenoids,"Dihydroxy bile acids, alcohols and derivatives"
1580825,Yes,CCMSLIB00006581917,"""3alpha,7alpha-dihydroxy-12-oxo-5beta-cholanic acid""",[M+H]+,407.279,406.272,Gold,Cholane steroids,Terpenoids,"Trihydroxy bile acids, alcohols and derivatives"
1581383,Yes,CCMSLIB00005465451,"""(R)-4-((3R,5R,6R,7S,8R,9S,10R,12S,13R,14S,17R)-3,6,7,12-tetrahydroxy-10,13-dimethylhexadecahydro-1H-cyclopenta[a]phenanthren-17-yl)pentanoic acid""",M-H2O+H,407.279,424.283,Gold,Cholane steroids,Terpenoids,"Trihydroxy bile acids, alcohols and derivatives"
1581392,Yes,CCMSLIB00005464677,"""(4R)-4-((3R,5R,6S,7R,9S,10R,12S,13R,14S,17R)-3,6,7,12-tetrahydroxy-10,13-dimethylhexadecahydro-1H-cyclopenta[a]phenanthren-17-yl)pentanoic acid""",M-H2O+H,407.279,424.283,Gold,Cholane steroids,Terpenoids,"Trihydroxy bile acids, alcohols and derivatives"
1583954,Yes,NA,NA,NA,NA,NA,NA,Cholane steroids,Terpenoids,Glycinated bile acids and derivatives
1585366,Yes,NA,NA,NA,NA,NA,NA,Cholane steroids,Terpenoids,Glycinated bile acids and derivatives
1591730,Yes,NA,NA,NA,NA,NA,NA,N-acyl amines,Fatty acids,N-acyl-alpha amino acids and derivatives
1591824,Yes,NA,NA,NA,NA,NA,NA,N-acyl amines,Fatty acids,N-acyl-alpha amino acids
1592125,Yes,NA,NA,NA,NA,NA,NA,Cholane steroids,Terpenoids,Glycinated bile acids and derivatives
1592137,Yes,NA,NA,NA,NA,NA,NA,Cholane steroids,Terpenoids,Glycinated bile acids and derivatives
15972,Yes,NA,NA,NA,NA,NA,NA,NA,NA,NA
15988,Yes,NA,NA,NA,NA,NA,NA,pteridine alkaloids,Alkaloids,Triazoles
16006,Yes,NA,NA,NA,NA,NA,NA,NA,NA,NA
1631333,Yes,CCMSLIB00010010748,Arg-C16:0,M+H,413.349,412.341,Silver,N-acyl amines,Fatty acids,N-acyl-alpha amino acids
1686563,Yes,NA,NA,NA,NA,NA,NA,Lupane triterpenoids,Terpenoids,Triterpenoids
1686583,Yes,NA,NA,NA,NA,NA,NA,Lupane triterpenoids,Terpenoids,Triterpenoids
1686594,Yes,NA,NA,NA,NA,NA,NA,Lupane triterpenoids,Terpenoids,Triterpenoids
1687363,Yes,NA,NA,NA,NA,NA,NA,Sphingoid bases,Fatty acids,Alpha amino acids
1687396,Yes,NA,NA,NA,NA,NA,NA,Monoacylglycerols,Fatty acids,Amino acids and derivatives
1687460,Yes,NA,NA,NA,NA,NA,NA,Glycerophosphoethanolamines,Fatty acids,Glycerophosphoethanolamines
1687592,Yes,NA,NA,NA,NA,NA,NA,Cholane steroids,Terpenoids,Glycinated bile acids and derivatives
1687593,Yes,NA,NA,NA,NA,NA,NA,Cholane steroids,Terpenoids,Glycinated bile acids and derivatives
1697499,Yes,CCMSLIB00003137151,Spectral Match to Cholic acid from NIST14,M+NH4,426.321,408.288,Bronze,Cholane steroids,Terpenoids,"Trihydroxy bile acids, alcohols and derivatives"
1697520,Yes,CCMSLIB00003137151,Spectral Match to Cholic acid from NIST14,M+NH4,426.321,408.288,Bronze,Cholane steroids,Terpenoids,Glycinated bile acids and derivatives
1697533,Yes,CCMSLIB00004691587,Cholic Acid,[M+NH4]+,426.321,0,Bronze,Cholane steroids,Terpenoids,Glycinated bile acids and derivatives
1697538,Yes,CCMSLIB00003137151,Spectral Match to Cholic acid from NIST14,M+NH4,426.321,408.288,Bronze,Cholane steroids,Terpenoids,Glycinated bile acids and derivatives
1697542,Yes,CCMSLIB00004691587,Cholic Acid,[M+NH4]+,426.321,0,Bronze,Cholane steroids,Terpenoids,Glycinated bile acids and derivatives
1697551,Yes,CCMSLIB00003137151,Spectral Match to Cholic acid from NIST14,M+NH4,426.321,408.288,Bronze,Cholane steroids,Terpenoids,Glycinated bile acids and derivatives
1697574,Yes,CCMSLIB00003137151,Spectral Match to Cholic acid from NIST14,M+NH4,426.321,408.288,Bronze,Cholane steroids,Terpenoids,Glycinated bile acids and derivatives
1697596,Yes,NA,NA,NA,NA,NA,NA,Pyridine alkaloids,Alkaloids,Steroids and steroid derivatives
1697621,Yes,CCMSLIB00004691587,Cholic Acid,[M+NH4]+,426.321,0,Bronze,Cholane steroids,Terpenoids,Glycinated bile acids and derivatives
1697624,Yes,CCMSLIB00003137151,Spectral Match to Cholic acid from NIST14,M+NH4,426.321,408.288,Bronze,Cholane steroids,Terpenoids,Glycinated bile acids and derivatives
1697625,Yes,NA,NA,NA,NA,NA,NA,Cholane steroids,Terpenoids,Glycinated bile acids and derivatives
1697690,Yes,NA,NA,NA,NA,NA,NA,Cholane steroids,Terpenoids,"Hydroxy bile acids, alcohols and derivatives"
1700380,Yes,NA,NA,NA,NA,NA,NA,Tripeptides,Amino acids and Peptides,N-acyl-alpha amino acids and derivatives
1719930,Yes,NA,NA,NA,NA,NA,NA,N-acyl amines,Fatty acids,Alpha amino acids
1722306,Yes,CCMSLIB00010010955,Phe-C18:2,M+H,428.316,427.309,Silver,N-acyl amines,Fatty acids,Phenylalanine and derivatives
1732422,Yes,NA,NA,NA,NA,NA,NA,Phenazine alkaloids,Alkaloids,Alkylarylthioethers
1739651,Yes,CCMSLIB00005465737,"""(4R)-4-((3R,5S,7R,8R,9S,10S,13S,14S,16R)-3,7,16-trihydroxy-10,13-dimethylhexadecahydro-1H-cyclopenta[a]phenanthren-17-yl)pentanoic acid""",M+Na,431.277,408.288,Gold,Cholane steroids,Terpenoids,"Hydroxy bile acids, alcohols and derivatives"
1741012,Yes,NA,NA,NA,NA,NA,NA,Steroidal alkaloids,Alkaloids,Dialkylarylamines
1750670,Yes,NA,NA,NA,NA,NA,NA,N-acyl amines,Fatty acids,Alpha amino acids and derivatives
1751917,Yes,NA,NA,NA,NA,NA,NA,Cholane steroids,Terpenoids,"Hydroxy bile acids, alcohols and derivatives"
1751941,Yes,NA,NA,NA,NA,NA,NA,N-acyl amines,Fatty acids,Peptides
1756075,Yes,NA,NA,NA,NA,NA,NA,Spirostane steroids,Terpenoids,Triterpenoids
1756390,Yes,NA,NA,NA,NA,NA,NA,Spirostane steroids,Terpenoids,Triterpenoids
176539,Yes,NA,NA,NA,NA,NA,NA,Fatty alcohols,Fatty acids,Sulfoxides
1769037,Yes,NA,NA,NA,NA,NA,NA,Pregnane steroids,Amino acids and Peptides,Steroids and steroid derivatives
1774637,Yes,NA,NA,NA,NA,NA,NA,Cyclic peptides,Amino acids and Peptides,Peptides
1774904,Yes,NA,NA,NA,NA,NA,NA,Lupane triterpenoids,Terpenoids,Triterpenoids
1774915,Yes,NA,NA,NA,NA,NA,NA,"Lanostane, Tirucallane and Euphane triterpenoids",Terpenoids,Triterpenoids
1776216,Yes,NA,NA,NA,NA,NA,NA,Glycerophosphoethanolamines,Fatty acids,Amino acids and derivatives
1776225,Yes,NA,NA,NA,NA,NA,NA,Glycerophosphoethanolamines,Fatty acids,Amino acids and derivatives
1776231,Yes,NA,NA,NA,NA,NA,NA,Glycerophosphoethanolamines,Fatty acids,Amino acids and derivatives
1776246,Yes,NA,NA,NA,NA,NA,NA,Cyclic peptides,Amino acids and Peptides,Alpha amino acid amides
1776248,Yes,NA,NA,NA,NA,NA,NA,Glycerophosphoethanolamines,Fatty acids,Amino acids and derivatives
1776269,Yes,NA,NA,NA,NA,NA,NA,Glycerophosphoethanolamines,Fatty acids,Amino acids and derivatives
1776340,Yes,NA,NA,NA,NA,NA,NA,Glycerophosphoethanolamines,Fatty acids,Amino acids and derivatives
1776683,Yes,NA,NA,NA,NA,NA,NA,Glycerophosphoethanolamines,Fatty acids,Glycerophosphoethanolamines
1781560,Yes,NA,NA,NA,NA,NA,NA,Cyclic peptides,Amino acids and Peptides,Peptides
1781568,Yes,NA,NA,NA,NA,NA,NA,Tripeptides,Amino acids and Peptides,Peptides
1781570,Yes,NA,NA,NA,NA,NA,NA,Dipeptides,Amino acids and Peptides,Oligopeptides
1783464,Yes,CCMSLIB00001059244,Soyaspongenol C,M+H,441.373,0,Bronze,Lupane triterpenoids,Terpenoids,Triterpenoids
1783467,Yes,CCMSLIB00001059244,Soyaspongenol C,M+H,441.373,0,Bronze,Oleanane triterpenoids,Terpenoids,Triterpenoids
1783474,Yes,CCMSLIB00001059244,Soyaspongenol C,M+H,441.373,0,Bronze,Cholestane steroids,Terpenoids,Triterpenoids
1783495,Yes,CCMSLIB00001059244,Soyaspongenol C,M+H,441.373,0,Bronze,Ursane and Taraxastane triterpenoids,Terpenoids,Triterpenoids
1809211,Yes,CCMSLIB00010010935,Tyr-C18:1,M+H,446.326,445.319,Silver,N-acyl amines,Fatty acids,Tyrosine and derivatives
1809261,Yes,CCMSLIB00010010935,Tyr-C18:1,M+H,446.326,445.319,Silver,N-acyl amines,Fatty acids,Tyrosine and derivatives
1824147,Yes,NA,NA,NA,NA,NA,NA,Tripeptides,Amino acids and Peptides,Oligopeptides
1837026,Yes,NA,NA,NA,NA,NA,NA,Glycerophosphocholines,Fatty acids,Glycerophosphocholines
1837030,Yes,NA,NA,NA,NA,NA,NA,Glycerophosphocholines,Fatty acids,Glycerophosphocholines
1839527,Yes,NA,NA,NA,NA,NA,NA,Polyamines,Alkaloids,N-aliphatic s-triazines
1845803,Yes,NA,NA,NA,NA,NA,NA,Oleanane triterpenoids,Terpenoids,Triterpenoids
1846253,Yes,NA,NA,NA,NA,NA,NA,Tripeptides,Amino acids and Peptides,Peptides
1846262,Yes,NA,NA,NA,NA,NA,NA,Polyamines,Alkaloids,Alpha amino acid amides
1847853,Yes,NA,NA,NA,NA,NA,NA,"Lanostane, Tirucallane and Euphane triterpenoids",Terpenoids,Triterpenoids
1864434,Yes,NA,NA,NA,NA,NA,NA,N-acyl amines,Fatty acids,N-acyl amines
1868662,Yes,NA,NA,NA,NA,NA,NA,Aminosugars,Carbohydrates,Aminoglycosides
1879609,Yes,NA,NA,NA,NA,NA,NA,Cholane steroids,Terpenoids,Glycinated bile acids and derivatives
1879640,Yes,CCMSLIB00005883287,GLYCOCHOLATE - 30.0 eV,M+H,466.316,0,Gold,Cholane steroids,Terpenoids,Glycinated bile acids and derivatives
1879656,Yes,CCMSLIB00005464870,"""((R)-4-((3R,5S,7S,8R,9S,10S,12S,13R,14S,17R)-3,7,12-trihydroxy-10,13-dimethylhexadecahydro-1H-cyclopenta[a]phenanthren-17-yl)pentanoyl)glycine""",M+H,466.316,465.309,Gold,Cholane steroids,Terpenoids,Glycinated bile acids and derivatives
1883568,Yes,NA,NA,NA,NA,NA,NA,Piperidine alkaloids,Alkaloids,Dialkylarylamines
1886505,Yes,CCMSLIB00010118116,match to acetylated cholic acid,M+H,468.333,0,Bronze,Cholane steroids,Terpenoids,"Dihydroxy bile acids, alcohols and derivatives"
1888263,Yes,NA,NA,NA,NA,NA,NA,Monoacylglycerols,Fatty acids,Diacylglycerols
1888268,Yes,NA,NA,NA,NA,NA,NA,Monoacylglycerols,Fatty acids,Diradylglycerols
1888276,Yes,NA,NA,NA,NA,NA,NA,Polyamines,Alkaloids,Alpha amino acid amides
1888280,Yes,NA,NA,NA,NA,NA,NA,Imidazole alkaloids,Alkaloids,N-aliphatic s-triazines
1888289,Yes,NA,NA,NA,NA,NA,NA,Monoacylglycerols,Fatty acids,"1,2-diacylglycerols"
1888304,Yes,NA,NA,NA,NA,NA,NA,Monoacylglycerols,Fatty acids,Fatty acid esters
19137,Yes,NA,NA,NA,NA,NA,NA,NA,NA,NA
19138,Yes,NA,NA,NA,NA,NA,NA,NA,NA,NA
19266,Yes,NA,NA,NA,NA,NA,NA,NA,NA,NA
1934005,Yes,NA,NA,NA,NA,NA,NA,Glycerophosphoethanolamines,Fatty acids,Amino acids and derivatives
193671,Yes,NA,NA,NA,NA,NA,NA,Aminoacids,Alkaloids,Thiadiazoles
1936785,Yes,NA,NA,NA,NA,NA,NA,Tripeptides,Amino acids and Peptides,Oligopeptides
193805,Yes,NA,NA,NA,NA,NA,NA,Aminoacids,Amino acids and Peptides,Aminosulfonyl compounds
1938848,Yes,NA,NA,NA,NA,NA,NA,Oxo fatty acids,Fatty acids,N-acyl-alpha amino acids
194041,Yes,NA,NA,NA,NA,NA,NA,NA,NA,NA
1944223,Yes,CCMSLIB00005465647,"""2-((4R)-4-((3R,5R,6S,7S,9S,10R,13R,14S,17R)-3,6,7-trihydroxy-10,13-dimethylhexadecahydro-1H-cyclopenta[a]phenanthren-17-yl)pentanamido)ethane-1-sulfonic acid""",M-2H2O+H,480.278,515.292,Gold,Cholane steroids,Terpenoids,"Hydroxy bile acids, alcohols and derivatives"
1947427,Yes,NA,NA,NA,NA,NA,NA,Microcolins and mirabimids,Amino acids and Peptides,Cyclic depsipeptides
194954,Yes,NA,NA,NA,NA,NA,NA,NA,NA,NA
1953267,Yes,NA,NA,NA,NA,NA,NA,Linear peptides,Amino acids and Peptides,N-acyl-alpha amino acids and derivatives
1953306,Yes,NA,NA,NA,NA,NA,NA,Piperidine alkaloids,Amino acids and Peptides,Alpha amino acids and derivatives
1953311,Yes,NA,NA,NA,NA,NA,NA,Glycerophosphocholines,Fatty acids,Glycerophosphocholines
1959232,Yes,NA,NA,NA,NA,NA,NA,Glycerophosphoserines,Fatty acids,1-acyl-glycerol-3-phosphoserines
1960566,Yes,CCMSLIB00005436330,PG(16:0_0:0) - 2-hydroxy-3-(2-hydroxyacetoxy)propyl palmitate,M+H,485.287,506.262,Bronze,Diacylglycerols,Shikimates and Phenylpropanoids,"1,2-diacylglycerols"
1963103,Yes,NA,NA,NA,NA,NA,NA,Monoacylglycerols,Fatty acids,Dicarboxylic acids and derivatives
1964672,Yes,NA,NA,NA,NA,NA,NA,Tripeptides,Amino acids and Peptides,Oligopeptides
19686,Yes,NA,NA,NA,NA,NA,NA,NA,NA,NA
1993544,Yes,NA,NA,NA,NA,NA,NA,Polyamines,Amino acids and Peptides,Alpha amino acid amides
1995913,Yes,CCMSLIB00006583871,Ser-CA,M+H,496.327,495.32,Silver,Cholane steroids,Terpenoids,Glycinated bile acids and derivatives
19987,Yes,NA,NA,NA,NA,NA,NA,NA,NA,NA
2002643,Yes,CCMSLIB00005465658,"""2-((4R)-4-((3R,5R,6S,7R,9S,10R,13R,14S,17R)-3,6,7-trihydroxy-10,13-dimethylhexadecahydro-1H-cyclopenta[a]phenanthren-17-yl)pentanamido)ethane-1-sulfonic acid""",M-H2O+H,498.288,515.292,Gold,Cholane steroids,Terpenoids,"Bile acids, alcohols and derivatives"
2004827,Yes,NA,NA,NA,NA,NA,NA,Polyamines,Alkaloids,Dialkylarylamines
2006280,Yes,NA,NA,NA,NA,NA,NA,Anthraquinones and anthrones,Polyketides,Triphenylenes
2018117,Yes,CCMSLIB00005465592,"""2-((4R)-4-((3R,5S,7R,9S,10S,13R,14S,17R)-3,7-dihydroxy-10,13-dimethylhexadecahydro-1H-cyclopenta[a]phenanthren-17-yl)pentanamido)ethane-1-sulfonic acid""",M+H,500.304,499.297,Gold,Pregnane steroids,Terpenoids,Azasteroids and derivatives
2018159,Yes,CCMSLIB00003138533,Spectral Match to Tauroursodeoxycholic acid from NIST14,M+H,500.304,499.297,Bronze,Pregnane steroids,Terpenoids,Androstane steroids
2018168,Yes,CCMSLIB00005465592,"""2-((4R)-4-((3R,5S,7R,9S,10S,13R,14S,17R)-3,7-dihydroxy-10,13-dimethylhexadecahydro-1H-cyclopenta[a]phenanthren-17-yl)pentanamido)ethane-1-sulfonic acid""",M+H,500.304,499.297,Gold,Cholestane steroids,Terpenoids,4-azasteroids and derivatives
2018186,Yes,CCMSLIB00005465592,"""2-((4R)-4-((3R,5S,7R,9S,10S,13R,14S,17R)-3,7-dihydroxy-10,13-dimethylhexadecahydro-1H-cyclopenta[a]phenanthren-17-yl)pentanamido)ethane-1-sulfonic acid""",M+H,500.304,499.297,Gold,Pregnane steroids,Terpenoids,"Bile acids, alcohols and derivatives"
2018187,Yes,CCMSLIB00003138533,Spectral Match to Tauroursodeoxycholic acid from NIST14,M+H,500.304,499.297,Bronze,Cholane steroids,Terpenoids,"Bile acids, alcohols and derivatives"
2018195,Yes,CCMSLIB00005465537,"""2-((4R)-4-((3R,5R,6S,9S,10R,13R,14S,17R)-3,6-dihydroxy-10,13-dimethylhexadecahydro-1H-cyclopenta[a]phenanthren-17-yl)pentanamido)ethane-1-sulfonic acid""",M+H,500.304,499.297,Gold,Cholane steroids,Terpenoids,3-alpha-hydroxysteroids
2018200,Yes,CCMSLIB00005465662,"""2-((R)-4-((3R,5S,7S,8R,9S,10S,13R,14S,17R)-3,7-dihydroxy-10,13-dimethylhexadecahydro-1H-cyclopenta[a]phenanthren-17-yl)pentanamido)ethane-1-sulfonic acid""",M+H,500.304,499.297,Gold,Androstane steroids,Terpenoids,Steroids and steroid derivatives
2026422,Yes,NA,NA,NA,NA,NA,NA,Tripeptides,Amino acids and Peptides,Oligopeptides
20426,Yes,NA,NA,NA,NA,NA,NA,NA,NA,NA
2042825,Yes,CCMSLIB00003136028,Spectral Match to 1-Eicosatrienoyl-sn-glycero-3-phosphoethanolamine from NIST14,M+H,504.306,0,Bronze,Glycerophosphoethanolamines,Fatty acids,Amino acids and derivatives
2045880,Yes,NA,NA,NA,NA,NA,NA,Glycerophosphocholines,Fatty acids,Glycerophosphocholines
20541,Yes,NA,NA,NA,NA,NA,NA,Aminoacids,Alkaloids,Sulfuric acid diamides
2057181,Yes,NA,NA,NA,NA,NA,NA,Simple amide alkaloids,Polyketides,N-acyl-alpha amino acids
2068125,Yes,NA,NA,NA,NA,NA,NA,Cyclic peptides,Amino acids and Peptides,Peptides
2069326,Yes,NA,NA,NA,NA,NA,NA,N-acyl amines,Amino acids and Peptides,Peptides
20698,Yes,NA,NA,NA,NA,NA,NA,NA,NA,NA
2071473,Yes,NA,NA,NA,NA,NA,NA,Monoacylglycerols,Fatty acids,Monoradylglycerols
2071475,Yes,NA,NA,NA,NA,NA,NA,Monoacylglycerols,Fatty acids,Diradylglycerols
2071486,Yes,NA,NA,NA,NA,NA,NA,Monoacylglycerols,Fatty acids,Fatty acid esters
2071490,Yes,NA,NA,NA,NA,NA,NA,Monoacylglycerols,Fatty acids,Monoacylglycerols
2071522,Yes,NA,NA,NA,NA,NA,NA,Monoacylglycerols,Fatty acids,Diradylglycerols
2071553,Yes,NA,NA,NA,NA,NA,NA,N-acyl amines,Fatty acids,N-acyl-alpha amino acids
2072658,Yes,NA,NA,NA,NA,NA,NA,Oleanane triterpenoids,Terpenoids,Triterpenoids
2074964,Yes,NA,NA,NA,NA,NA,NA,Cholestane steroids,Terpenoids,"Bile acids, alcohols and derivatives"
2075144,Yes,NA,NA,NA,NA,NA,NA,Monoacylglycerols,Fatty acids,Monoradylglycerols
2075174,Yes,NA,NA,NA,NA,NA,NA,Triacylglycerols,Fatty acids,"1,2-diacylglycerols"
2075180,Yes,NA,NA,NA,NA,NA,NA,Diacylglycerols,Shikimates and Phenylpropanoids,Benzoic acid esters
2077067,Yes,NA,NA,NA,NA,NA,NA,Diacylglycerols,Fatty acids,"1,2-diacylglycerols"
2092228,Yes,NA,NA,NA,NA,NA,NA,Cyclic peptides,Amino acids and Peptides,Depsipeptides
209756,Yes,NA,NA,NA,NA,NA,NA,Aminoacids,Amino acids and Peptides,L-alpha-amino acids
2102635,Yes,CCMSLIB00005465012,"""2-((4R)-4-((3R,5R,6S,7R,9S,10R,13R,14S,17R)-3,6,7-trihydroxy-10,13-dimethylhexadecahydro-1H-cyclopenta[a]phenanthren-17-yl)pentanamido)ethane-1-sulfonic acid""",M+H,516.299,515.292,Gold,Cholane steroids,Terpenoids,Taurinated bile acids and derivatives
2104586,Yes,NA,NA,NA,NA,NA,NA,Tripeptides,Amino acids and Peptides,Oligopeptides
2118028,Yes,NA,NA,NA,NA,NA,NA,Tripeptides,Amino acids and Peptides,Oligopeptides
2118086,Yes,NA,NA,NA,NA,NA,NA,Tripeptides,Amino acids and Peptides,Oligopeptides
2118107,Yes,NA,NA,NA,NA,NA,NA,Tripeptides,Amino acids and Peptides,Peptides
2122137,Yes,NA,NA,NA,NA,NA,NA,Tripeptides,Amino acids and Peptides,Oligopeptides
2122157,Yes,NA,NA,NA,NA,NA,NA,Tripeptides,Amino acids and Peptides,Oligopeptides
2124626,Yes,NA,NA,NA,NA,NA,NA,Glycerophosphoserines,Fatty acids,1-acyl-glycerol-3-phosphoserines
2124868,Yes,NA,NA,NA,NA,NA,NA,Glycerophosphoserines,Fatty acids,1-acyl-glycerol-3-phosphoserines
2127390,Yes,CCMSLIB00004679257,Isoleucocholic acid,M+H,522.379,0,Bronze,Cholane steroids,Terpenoids,"Trihydroxy bile acids, alcohols and derivatives"
2127396,Yes,CCMSLIB00004679258,Leucocholic acid,M+H,522.379,0,Bronze,Cholane steroids,Terpenoids,Glycinated bile acids and derivatives
2139974,Yes,NA,NA,NA,NA,NA,NA,Glycerophosphoserines,Fatty acids,Glycerophosphoserines
2139996,Yes,NA,NA,NA,NA,NA,NA,Glycerophosphoserines,Fatty acids,1-acyl-glycerol-3-phosphoserines
2170012,Yes,NA,NA,NA,NA,NA,NA,Cholane steroids,Amino acids and Peptides,Glycinated bile acids and derivatives
2170746,Yes,CCMSLIB00006680127,TAUROCHOLIC ACID,M+NH4,533.326,0,Bronze,Cholane steroids,Terpenoids,Steroids and steroid derivatives
2170843,Yes,CCMSLIB00006680127,TAUROCHOLIC ACID,M+NH4,533.326,0,Bronze,Cholestane steroids,Terpenoids,"Bile acids, alcohols and derivatives"
2171249,Yes,NA,NA,NA,NA,NA,NA,Cholane steroids,Terpenoids,"Bile acids, alcohols and derivatives"
2171348,Yes,NA,NA,NA,NA,NA,NA,Cholane steroids,Terpenoids,"Monohydroxy bile acids, alcohols and derivatives"
2171617,Yes,CCMSLIB00006680127,TAUROCHOLIC ACID,M+NH4,533.326,0,Bronze,Cholane steroids,Terpenoids,7-oxosteroids
2179546,Yes,NA,NA,NA,NA,NA,NA,Ceramides,Fatty acids,Ceramides
2180430,Yes,CCMSLIB00005465153,"""((4R)-4-((3R,5R,7R,9S,10S,12S,13R,14S,17R)-3,7,12-trihydroxy-10,13-dimethylhexadecahydro-1H-cyclopenta[a]phenanthren-17-yl)pentanoyl)lysine""",M+H,537.39,536.383,Gold,Cholane steroids,Terpenoids,Glycinated bile acids and derivatives
2196996,Yes,CCMSLIB00003136458,Spectral Match to Taurocholic acid from NIST14,M+Na,538.281,515.292,Bronze,Cholane steroids,Terpenoids,"Bile acids, alcohols and derivatives"
2207133,Yes,NA,NA,NA,NA,NA,NA,Carboline alkaloids,Alkaloids,Naphthalenes
2207518,Yes,NA,NA,NA,NA,NA,NA,Antimycins,Polyketides,N-acyl-alpha amino acids and derivatives
2211964,Yes,NA,NA,NA,NA,NA,NA,Polyprenylated cyclic polyketides (Hop meroterpenoids),Terpenoids,Hydroxysteroids
2211966,Yes,NA,NA,NA,NA,NA,NA,NA,NA,NA
2236484,Yes,NA,NA,NA,NA,NA,NA,Polyamines,Alkaloids,Thienoimidazolidines
2236488,Yes,NA,NA,NA,NA,NA,NA,Polyamines,Alkaloids,Pyrimidines and pyrimidine derivatives
2236721,Yes,NA,NA,NA,NA,NA,NA,Cephalosporins,Amino acids and Peptides,Benzenesulfonic acids and derivatives
2236825,Yes,NA,NA,NA,NA,NA,NA,Cephalosporins,Amino acids and Peptides,N-acyl-alpha amino acids and derivatives
2257512,Yes,NA,NA,NA,NA,NA,NA,Lipopeptides,Amino acids and Peptides,Dipeptides
2257522,Yes,NA,NA,NA,NA,NA,NA,Tripeptides,Amino acids and Peptides,Oligopeptides
2257525,Yes,NA,NA,NA,NA,NA,NA,Lipopeptides,Amino acids and Peptides,N-acyl-alpha amino acids and derivatives
2257559,Yes,NA,NA,NA,NA,NA,NA,Tripeptides,Amino acids and Peptides,Oligopeptides
2257564,Yes,NA,NA,NA,NA,NA,NA,Polyamines,Alkaloids,Alpha amino acid amides
2257577,Yes,NA,NA,NA,NA,NA,NA,Tripeptides,Amino acids and Peptides,Oligopeptides
2259404,Yes,NA,NA,NA,NA,NA,NA,Oxidized glycerophospholipids,Fatty acids,Phosphatidylcholines
2261209,Yes,NA,NA,NA,NA,NA,NA,Ceramides,Fatty acids,Ceramides
22706,Yes,NA,NA,NA,NA,NA,NA,Simple phenolic acids,Shikimates and Phenylpropanoids,Benzene and substituted derivatives
2276715,Yes,NA,NA,NA,NA,NA,NA,Tripeptides,Amino acids and Peptides,Peptides
2277063,Yes,NA,NA,NA,NA,NA,NA,Ceramides,Fatty acids,Ceramides
2278104,Yes,NA,NA,NA,NA,NA,NA,Labdane diterpenoids,Terpenoids,Terpene glycosides
2279051,Yes,CCMSLIB00006583859,Phe-CA,M+H,556.363,555.356,Silver,Cholane steroids,Terpenoids,Glycinated bile acids and derivatives
22841,Yes,NA,NA,NA,NA,NA,NA,Wax monoesters,Fatty acids,Organooxygen compounds
23014,Yes,NA,NA,NA,NA,NA,NA,NA,NA,NA
2322261,Yes,CCMSLIB00005465880,Arginine conjugated cholic acid,M+H,565.396,564.389,Gold,Cholane steroids,Terpenoids,Glycinated bile acids and derivatives
2322438,Yes,CCMSLIB00010012251,12-hydroxy stearic acid-C18:1,M+H,565.519,564.512,Silver,Unsaturated fatty acids,Fatty acids,Very long-chain fatty acids
2322452,Yes,CCMSLIB00010012251,12-hydroxy stearic acid-C18:1,M+H,565.519,564.512,Silver,Diacylglycerols,Fatty acids,Fatty acid esters
2328097,Yes,NA,NA,NA,NA,NA,NA,Glycerophosphocholines,Fatty acids,Glycerophosphocholines
2328889,Yes,NA,NA,NA,NA,NA,NA,Ceramides,Fatty acids,Ceramides
2328915,Yes,NA,NA,NA,NA,NA,NA,Ceramides,Fatty acids,Ceramides
2330604,Yes,NA,NA,NA,NA,NA,NA,Anthraquinones and anthrones,Shikimates and Phenylpropanoids,Aryl phosphates
2336518,Yes,NA,NA,NA,NA,NA,NA,N-acyl amines,Amino acids and Peptides,Peptides
2336527,Yes,NA,NA,NA,NA,NA,NA,Acyclic triterpenoids,Terpenoids,Lipids and lipid-like molecules
2338171,Yes,NA,NA,NA,NA,NA,NA,Diacylglycerols,Fatty acids,"1,2-diacylglycerols"
2340254,Yes,NA,NA,NA,NA,NA,NA,Phosphosphingolipids,Fatty acids,Alpha amino acid amides
2345714,Yes,NA,NA,NA,NA,NA,NA,Cholane steroids,Terpenoids,Diterpene glycosides
2347746,Yes,CCMSLIB00005465228,"""((4R)-4-((3R,5S,7R,9S,10S,12S,13R,14S,17R)-3,7,12-trihydroxy-10,13-dimethylhexadecahydro-1H-cyclopenta[a]phenanthren-17-yl)pentanoyl)tyrosine""",M+H,572.358,571.351,Gold,Cholane steroids,Terpenoids,Glycinated bile acids and derivatives
2347752,Yes,CCMSLIB00004679255,Tyrosocholic acid,M+H,572.359,0,Bronze,Cholane steroids,Terpenoids,Glycinated bile acids and derivatives
2377317,Yes,NA,NA,NA,NA,NA,NA,Cyclic peptides,Amino acids and Peptides,Hybrid peptides
2377432,Yes,NA,NA,NA,NA,NA,NA,Tripeptides,Amino acids and Peptides,N-acyl-alpha amino acids and derivatives
2384192,Yes,NA,NA,NA,NA,NA,NA,Tripeptides,Amino acids and Peptides,Oligopeptides
2408600,Yes,NA,NA,NA,NA,NA,NA,Imidazole alkaloids,Alkaloids,Bilirubins
2414214,Yes,NA,NA,NA,NA,NA,NA,Linear peptides,Amino acids and Peptides,Depsipeptides
2418407,Yes,NA,NA,NA,NA,NA,NA,Cholane steroids,Terpenoids,"Bile acids, alcohols and derivatives"
2418506,Yes,NA,NA,NA,NA,NA,NA,Imidazole alkaloids,Alkaloids,Bilirubins
2418508,Yes,NA,NA,NA,NA,NA,NA,Depsipeptides,Amino acids and Peptides,Tetrapyrroles and derivatives
2423954,Yes,NA,NA,NA,NA,NA,NA,Polyamines,Alkaloids,Alpha amino acid amides
2423963,Yes,NA,NA,NA,NA,NA,NA,Depsipeptides,Polyketides,Tetrapyrroles and derivatives
2424082,Yes,NA,NA,NA,NA,NA,NA,Depsipeptides,Amino acids and Peptides,Alpha amino acid esters
2424181,Yes,NA,NA,NA,NA,NA,NA,Lipopeptides,Terpenoids,Glycinated bile acids and derivatives
2427709,Yes,NA,NA,NA,NA,NA,NA,Terpenoid alkaloids,Terpenoids,Amino acids and derivatives
2427712,Yes,NA,NA,NA,NA,NA,NA,Linear peptides,Amino acids and Peptides,N-acyl-alpha amino acids and derivatives
2429384,Yes,NA,NA,NA,NA,NA,NA,Tripeptides,Amino acids and Peptides,Gamma-glutamyl peptides
2440517,Yes,NA,NA,NA,NA,NA,NA,Triacylglycerols,Fatty acids,Triradylcglycerols
2465129,Yes,NA,NA,NA,NA,NA,NA,Cholestane steroids,Terpenoids,"Dihydroxy bile acids, alcohols and derivatives"
2492252,Yes,NA,NA,NA,NA,NA,NA,Tripeptides,Amino acids and Peptides,Phenylalanine and derivatives
2498444,Yes,NA,NA,NA,NA,NA,NA,Diacylglycerols,Fatty acids,Lineolic acids and derivatives
2507260,Yes,NA,NA,NA,NA,NA,NA,Cyclic peptides,Amino acids and Peptides,Alpha amino acids and derivatives
2510276,Yes,NA,NA,NA,NA,NA,NA,Tricyclic guanidine alkaloids,Alkaloids,N-acyl-alpha amino acids and derivatives
25250,Yes,NA,NA,NA,NA,NA,NA,Phenylalanine-derived alkaloids,Alkaloids,Amphetamines and derivatives
25253,Yes,NA,NA,NA,NA,NA,NA,Pyridine alkaloids,Alkaloids,Benzene and substituted derivatives
25322,Yes,NA,NA,NA,NA,NA,NA,Phenylalanine-derived alkaloids,Alkaloids,Amphetamines and derivatives
25349,Yes,NA,NA,NA,NA,NA,NA,NA,NA,NA
25369,Yes,NA,NA,NA,NA,NA,NA,Phenylalanine-derived alkaloids,Alkaloids,Phenethylamines
25376,Yes,NA,NA,NA,NA,NA,NA,Phenylalanine-derived alkaloids,Alkaloids,Amphetamines and derivatives
25384,Yes,NA,NA,NA,NA,NA,NA,Phenylalanine-derived alkaloids,Alkaloids,Benzamides
2552029,Yes,NA,NA,NA,NA,NA,NA,Cholane steroids,Terpenoids,Glycinated bile acids and derivatives
2557141,Yes,NA,NA,NA,NA,NA,NA,Flavonols,Shikimates and Phenylpropanoids,Pyranones and derivatives
2557258,Yes,NA,NA,NA,NA,NA,NA,Pyridine alkaloids,Alkaloids,Phenyl thiophosphates
2557597,Yes,NA,NA,NA,NA,NA,NA,Simple phenolic acids,Shikimates and Phenylpropanoids,Phenoxy compounds
25597,Yes,NA,NA,NA,NA,NA,NA,Polyamines,Alkaloids,Thioethers
25610,Yes,NA,NA,NA,NA,NA,NA,Phenylalanine-derived alkaloids,Alkaloids,Amphetamines and derivatives
25630,Yes,NA,NA,NA,NA,NA,NA,Phenylalanine-derived alkaloids,Alkaloids,Amphetamines and derivatives
2578565,Yes,NA,NA,NA,NA,NA,NA,Tripeptides,Amino acids and Peptides,Oligopeptides
25836,Yes,NA,NA,NA,NA,NA,NA,Polyamines,Fatty acids,Alkanolamines
25846,Yes,NA,NA,NA,NA,NA,NA,Phenylalanine-derived alkaloids,Alkaloids,Amphetamines and derivatives
25860,Yes,NA,NA,NA,NA,NA,NA,NA,NA,NA
2589367,Yes,NA,NA,NA,NA,NA,NA,Cyclic peptides,Amino acids and Peptides,Cyclic depsipeptides
25912,Yes,NA,NA,NA,NA,NA,NA,Phenylalanine-derived alkaloids,Alkaloids,Amphetamines and derivatives
2604505,Yes,NA,NA,NA,NA,NA,NA,N-acyl amines,Amino acids and Peptides,Alpha amino acids and derivatives
2604510,Yes,NA,NA,NA,NA,NA,NA,Monocyclic guanidine alkaloids,Alkaloids,Amino acids and derivatives
2607802,Yes,NA,NA,NA,NA,NA,NA,Linear peptides,Amino acids and Peptides,N-acyl-alpha amino acids and derivatives
2612095,Yes,NA,NA,NA,NA,NA,NA,Linear peptides,Fatty acids,N-acyl-alpha amino acids and derivatives
26133,Yes,NA,NA,NA,NA,NA,NA,NA,NA,NA
2626782,Yes,NA,NA,NA,NA,NA,NA,Open-chain polyketides,Polyketides,O-glycosyl compounds
26544,Yes,NA,NA,NA,NA,NA,NA,NA,NA,NA
267934,Yes,NA,NA,NA,NA,NA,NA,NA,NA,NA
2682309,Yes,NA,NA,NA,NA,NA,NA,NA,NA,NA
2686856,Yes,NA,NA,NA,NA,NA,NA,Open-chain polyketides,Alkaloids,Dicarboxylic acids and derivatives
2718382,Yes,NA,NA,NA,NA,NA,NA,Linear peptides,Polyketides,Depsipeptides
2739417,Yes,NA,NA,NA,NA,NA,NA,Penicillins,Amino acids and Peptides,Peptides
2749381,Yes,NA,NA,NA,NA,NA,NA,Cephalosporins,Alkaloids,Benzenesulfonic acids and derivatives
2749448,Yes,NA,NA,NA,NA,NA,NA,Anthraquinones and anthrones,Alkaloids,Diarylthioethers
2774100,Yes,NA,NA,NA,NA,NA,NA,Tripeptides,Amino acids and Peptides,Oligopeptides
2774135,Yes,NA,NA,NA,NA,NA,NA,Diacylglycerols,Fatty acids,Triradylcglycerols
2774138,Yes,NA,NA,NA,NA,NA,NA,Diacylglycerols,Fatty acids,Triradylcglycerols
2814190,Yes,NA,NA,NA,NA,NA,NA,Tripeptides,Amino acids and Peptides,Oligopeptides
2817048,Yes,NA,NA,NA,NA,NA,NA,Linear peptides,Amino acids and Peptides,Peptides
2817049,Yes,NA,NA,NA,NA,NA,NA,Open-chain polyketides,Alkaloids,Azasteroids and derivatives
2817591,Yes,NA,NA,NA,NA,NA,NA,NA,NA,NA
2821002,Yes,NA,NA,NA,NA,NA,NA,NA,NA,NA
2824769,Yes,NA,NA,NA,NA,NA,NA,NA,NA,NA
28352,Yes,NA,NA,NA,NA,NA,NA,Phenylalanine-derived alkaloids,Alkaloids,Benzene and substituted derivatives
2847877,Yes,NA,NA,NA,NA,NA,NA,Glycerophosphoethanolamines,Fatty acids,Phosphatidylethanolamines
2848997,Yes,NA,NA,NA,NA,NA,NA,Diacylglycerols,Fatty acids,Triradylcglycerols
2850938,Yes,NA,NA,NA,NA,NA,NA,Tripeptides,Amino acids and Peptides,Oligopeptides
2862618,Yes,NA,NA,NA,NA,NA,NA,Polyether ionophores,Terpenoids,Diterpenoids
2867502,Yes,CCMSLIB00005465718,"""(R)-4-((3S,5R,8R,9S,10S,13R,14S,17R)-3-hydroxy-10,13-dimethylhexadecahydro-1H-cyclopenta[a]phenanthren-17-yl)pentanoic acid""",2M+H,753.603,376.298,Gold,Polyamines,Alkaloids,Steroids and steroid derivatives
2868444,Yes,NA,NA,NA,NA,NA,NA,Linear peptides,Amino acids and Peptides,Oligopeptides
2868445,Yes,NA,NA,NA,NA,NA,NA,Tripeptides,Amino acids and Peptides,Oligopeptides
2891591,Yes,NA,NA,NA,NA,NA,NA,Linear peptides,Amino acids and Peptides,Oligopeptides
2894005,Yes,NA,NA,NA,NA,NA,NA,NA,NA,NA
2894013,Yes,NA,NA,NA,NA,NA,NA,NA,NA,NA
2894018,Yes,NA,NA,NA,NA,NA,NA,NA,NA,NA
2904848,Yes,NA,NA,NA,NA,NA,NA,Anthraquinones and anthrones,Alkaloids,2-naphthalene sulfonates
2904851,Yes,NA,NA,NA,NA,NA,NA,Anthraquinones and anthrones,Polyketides,Amino acids and derivatives
2904855,Yes,NA,NA,NA,NA,NA,NA,Anthraquinones and anthrones,Alkaloids,Diarylthioethers
2904860,Yes,NA,NA,NA,NA,NA,NA,Purine nucleos(t)ides,Carbohydrates,Glycosylamines
2904925,Yes,NA,NA,NA,NA,NA,NA,Gallotannins,Shikimates and Phenylpropanoids,Hydrolyzable tannins
2905361,Yes,NA,NA,NA,NA,NA,NA,Gallotannins,Carbohydrates,Purine ribonucleoside monophosphates
2919187,Yes,CCMSLIB00005464718,"""(4R)-4-((3S,5R,9S,10S,13R,14S,17R)-3-hydroxy-10,13-dimethyl-12-oxohexadecahydro-1H-cyclopenta[a]phenanthren-17-yl)pentanoic acid""",2M+H,781.561,390.277,Gold,Cholane steroids,Terpenoids,Glycinated bile acids and derivatives
2919197,Yes,NA,NA,NA,NA,NA,NA,Cholestane steroids,Amino acids and Peptides,"Hydroxy bile acids, alcohols and derivatives"
2924759,Yes,NA,NA,NA,NA,NA,NA,Triacylglycerols,Terpenoids,Steroid esters
2929121,Yes,CCMSLIB00005465689,"""(R)-4-((3S,5S,7R,8R,9S,10S,13R,14S,17R)-3,7-dihydroxy-10,13-dimethylhexadecahydro-1H-cyclopenta[a]phenanthren-17-yl)pentanoic acid""",2M+H,785.593,392.293,Gold,Lipopeptides,Terpenoids,Oligopeptides
2929132,Yes,CCMSLIB00005464689,"""(4R)-4-((3R,5R,6S,9S,10R,13R,14S,17R)-3,6-dihydroxy-10,13-dimethylhexadecahydro-1H-cyclopenta[a]phenanthren-17-yl)pentanoic acid""",2M+H,785.593,392.293,Gold,Triacylglycerols,Fatty acids,Fatty alcohols
2929134,Yes,CCMSLIB00003138541,Spectral Match to Deoxycholic acid from NIST14,2M+H,785.594,0,Bronze,Lipopeptides,Terpenoids,Glycinated bile acids and derivatives
2929135,Yes,CCMSLIB00005465689,"""(R)-4-((3S,5S,7R,8R,9S,10S,13R,14S,17R)-3,7-dihydroxy-10,13-dimethylhexadecahydro-1H-cyclopenta[a]phenanthren-17-yl)pentanoic acid""",2M+H,785.593,392.293,Gold,Lipopeptides,Terpenoids,Glycinated bile acids and derivatives
2929144,Yes,CCMSLIB00005464689,"""(4R)-4-((3R,5R,6S,9S,10R,13R,14S,17R)-3,6-dihydroxy-10,13-dimethylhexadecahydro-1H-cyclopenta[a]phenanthren-17-yl)pentanoic acid""",2M+H,785.593,392.293,Gold,Lipopeptides,Terpenoids,Glycinated bile acids and derivatives
2929152,Yes,CCMSLIB00005465385,"""(4R)-4-((3R,5S,7S,9S,10S,13R,14S,17R)-3,7-dihydroxy-10,13-dimethylhexadecahydro-1H-cyclopenta[a]phenanthren-17-yl)pentanoic acid""",2M+H,785.593,392.293,Gold,Lipopeptides,Terpenoids,"Hydroxy bile acids, alcohols and derivatives"
2929158,Yes,CCMSLIB00005465385,"""(4R)-4-((3R,5S,7S,9S,10S,13R,14S,17R)-3,7-dihydroxy-10,13-dimethylhexadecahydro-1H-cyclopenta[a]phenanthren-17-yl)pentanoic acid""",2M+H,785.593,392.293,Gold,Lipopeptides,Amino acids and Peptides,N-acyl-alpha amino acids and derivatives
2929164,Yes,CCMSLIB00005464835,"""(R)-4-((3R,5S,8R,9S,10S,12R,13R,14S,17R)-3,12-dihydroxy-10,13-dimethylhexadecahydro-1H-cyclopenta[a]phenanthren-17-yl)pentanoic acid""",2M+H,785.593,392.293,Gold,Lipopeptides,Amino acids and Peptides,Oligopeptides
2929205,Yes,CCMSLIB00005465385,"""(4R)-4-((3R,5S,7S,9S,10S,13R,14S,17R)-3,7-dihydroxy-10,13-dimethylhexadecahydro-1H-cyclopenta[a]phenanthren-17-yl)pentanoic acid""",2M+H,785.593,392.293,Gold,Lipopeptides,Terpenoids,Glycinated bile acids and derivatives
2944873,Yes,NA,NA,NA,NA,NA,NA,Linear peptides,Amino acids and Peptides,Oligopeptides
2958276,Yes,NA,NA,NA,NA,NA,NA,Cholestane steroids,Terpenoids,12-hydroxysteroids
2958997,Yes,NA,NA,NA,NA,NA,NA,Cholestane steroids,Terpenoids,Glycinated bile acids and derivatives
2959856,Yes,NA,NA,NA,NA,NA,NA,Linear peptides,Amino acids and Peptides,Oligopeptides
2960454,Yes,NA,NA,NA,NA,NA,NA,Cholestane steroids,Terpenoids,"Hydroxy bile acids, alcohols and derivatives"
2962175,Yes,NA,NA,NA,NA,NA,NA,Cholestane steroids,Terpenoids,Glycinated bile acids and derivatives
2962470,Yes,NA,NA,NA,NA,NA,NA,Cholane steroids,Terpenoids,"Monohydroxy bile acids, alcohols and derivatives"
2965858,Yes,CCMSLIB00005464669,"""(4R)-4-((5S,7R,9S,10S,12S,13R,14S,17R)-7,12-dihydroxy-10,13-dimethylhexadecahydro-1H-cyclopenta[a]phenanthren-17-yl)pentanoic acid""",2M+Na,807.575,392.293,Gold,Lipopeptides,Amino acids and Peptides,Oligopeptides
2965859,Yes,CCMSLIB00005464669,"""(4R)-4-((5S,7R,9S,10S,12S,13R,14S,17R)-7,12-dihydroxy-10,13-dimethylhexadecahydro-1H-cyclopenta[a]phenanthren-17-yl)pentanoic acid""",2M+Na,807.575,392.293,Gold,Triacylglycerols,Terpenoids,Steroid esters
2965891,Yes,CCMSLIB00005464669,"""(4R)-4-((5S,7R,9S,10S,12S,13R,14S,17R)-7,12-dihydroxy-10,13-dimethylhexadecahydro-1H-cyclopenta[a]phenanthren-17-yl)pentanoic acid""",2M+Na,807.575,392.293,Gold,Linear peptides,Amino acids and Peptides,Oligopeptides
2965910,Yes,CCMSLIB00005464669,"""(4R)-4-((5S,7R,9S,10S,12S,13R,14S,17R)-7,12-dihydroxy-10,13-dimethylhexadecahydro-1H-cyclopenta[a]phenanthren-17-yl)pentanoic acid""",2M+Na,807.575,392.293,Gold,Lipopeptides,Amino acids and Peptides,Oligopeptides
2965928,Yes,CCMSLIB00005464669,"""(4R)-4-((5S,7R,9S,10S,12S,13R,14S,17R)-7,12-dihydroxy-10,13-dimethylhexadecahydro-1H-cyclopenta[a]phenanthren-17-yl)pentanoic acid""",2M+Na,807.575,392.293,Gold,Cholestane steroids,Terpenoids,Glycinated bile acids and derivatives
2973923,Yes,NA,NA,NA,NA,NA,NA,Cholestane steroids,Terpenoids,Steroid esters
2981490,Yes,NA,NA,NA,NA,NA,NA,Cholestane steroids,Terpenoids,Steroid esters
2981526,Yes,NA,NA,NA,NA,NA,NA,Stigmastane steroids,Terpenoids,Triterpenoids
2984509,Yes,CCMSLIB00003137634,Spectral Match to Cholic acid from NIST14,2M+H,817.583,0,Bronze,Stigmastane steroids,Terpenoids,Triterpenoids
2984511,Yes,CCMSLIB00005465137,"""(4R)-4-((3S,5R,6S,7S,9S,10R,13R,14S,17R)-3,6,7-trihydroxy-10,13-dimethylhexadecahydro-1H-cyclopenta[a]phenanthren-17-yl)pentanoic acid""",2M+H,817.582,408.288,Gold,Stigmastane steroids,Terpenoids,Triterpenoids
2984518,Yes,CCMSLIB00005465137,"""(4R)-4-((3S,5R,6S,7S,9S,10R,13R,14S,17R)-3,6,7-trihydroxy-10,13-dimethylhexadecahydro-1H-cyclopenta[a]phenanthren-17-yl)pentanoic acid""",2M+H,817.582,408.288,Gold,Cholestane steroids,Terpenoids,"Dihydroxy bile acids, alcohols and derivatives"
2984534,Yes,CCMSLIB00005465137,"""(4R)-4-((3S,5R,6S,7S,9S,10R,13R,14S,17R)-3,6,7-trihydroxy-10,13-dimethylhexadecahydro-1H-cyclopenta[a]phenanthren-17-yl)pentanoic acid""",2M+H,817.582,408.288,Gold,Cholestane steroids,Terpenoids,Steroid esters
2984535,Yes,CCMSLIB00005465137,"""(4R)-4-((3S,5R,6S,7S,9S,10R,13R,14S,17R)-3,6,7-trihydroxy-10,13-dimethylhexadecahydro-1H-cyclopenta[a]phenanthren-17-yl)pentanoic acid""",2M+H,817.582,408.288,Gold,Cholestane steroids,Terpenoids,Triterpenoids
2984568,Yes,CCMSLIB00005465137,"""(4R)-4-((3S,5R,6S,7S,9S,10R,13R,14S,17R)-3,6,7-trihydroxy-10,13-dimethylhexadecahydro-1H-cyclopenta[a]phenanthren-17-yl)pentanoic acid""",2M+H,817.582,408.288,Gold,Cholestane steroids,Terpenoids,Steroid esters
2989837,Yes,NA,NA,NA,NA,NA,NA,Polyamines,Fatty acids,Isoleucine and derivatives
2992139,Yes,NA,NA,NA,NA,NA,NA,Tripeptides,Amino acids and Peptides,Oligopeptides
2992140,Yes,CCMSLIB00005464696,"""methyl (4R)-4-((5R,8S,9S,10R,13R,17R)-10,13-dimethyl-3,6-dioxohexadecahydro-1H-cyclopenta[a]phenanthren-17-yl)pentanoate""",2M+Na,827.543,402.277,Gold,Triacylglycerols,Fatty acids,Triacylglycerols
2997816,Yes,NA,NA,NA,NA,NA,NA,Cholestane steroids,Amino acids and Peptides,Glycinated bile acids and derivatives
3000216,Yes,NA,NA,NA,NA,NA,NA,Glycerophosphoethanolamines,Fatty acids,Amino acids and derivatives
3000301,Yes,NA,NA,NA,NA,NA,NA,Glycerophosphocholines,Fatty acids,Phosphatidylcholines
3001919,Yes,CCMSLIB00005435981,Cholic acid,2M+NH4,834.609,408.288,Bronze,Lipopeptides,Amino acids and Peptides,Glycinated bile acids and derivatives
3001937,Yes,CCMSLIB00005435981,Cholic acid,2M+NH4,834.609,408.288,Bronze,Lipopeptides,Amino acids and Peptides,Peptides
3002460,Yes,CCMSLIB00005465220,"""(4R,E)-4-((3R,5R,6S,7R,9S,10R,13R,14S,17R)-3,6,7-trihydroxy-10,13-dimethylhexadecahydro-1H-cyclopenta[a]phenanthren-17-yl)pent-2-enoic acid""",2M+Na,835.533,406.272,Gold,Cholestane steroids,Terpenoids,"Hydroxy bile acids, alcohols and derivatives"
3003862,Yes,NA,NA,NA,NA,NA,NA,Lipopeptides,Amino acids and Peptides,Glycinated bile acids and derivatives
3004461,Yes,NA,NA,NA,NA,NA,NA,Steroidal alkaloids,Terpenoids,Steroids and steroid derivatives
3004705,Yes,NA,NA,NA,NA,NA,NA,Cholane steroids,Terpenoids,Glycinated bile acids and derivatives
3004708,Yes,NA,NA,NA,NA,NA,NA,Polyamines,Alkaloids,Dialkylarylamines
3004917,Yes,NA,NA,NA,NA,NA,NA,Lipopeptides,Amino acids and Peptides,Glycinated bile acids and derivatives
3006937,Yes,CCMSLIB00005465736,"""(4R)-4-((3R,5S,7R,8R,9S,10S,13S,14S,16R)-3,7,16-trihydroxy-10,13-dimethylhexadecahydro-1H-cyclopenta[a]phenanthren-17-yl)pentanoic acid""",2M+Na,839.564,408.288,Gold,Lipopeptides,Amino acids and Peptides,Glycinated bile acids and derivatives
3006938,Yes,CCMSLIB00005465736,"""(4R)-4-((3R,5S,7R,8R,9S,10S,13S,14S,16R)-3,7,16-trihydroxy-10,13-dimethylhexadecahydro-1H-cyclopenta[a]phenanthren-17-yl)pentanoic acid""",2M+Na,839.564,408.288,Gold,Lipopeptides,Amino acids and Peptides,Oligopeptides
3006946,Yes,CCMSLIB00005464887,"""(R)-4-((3R,5S,7R,8R,9S,10S,12R,13R,14S,17R)-3,7,12-trihydroxy-10,13-dimethylhexadecahydro-1H-cyclopenta[a]phenanthren-17-yl)pentanoic acid""",2M+Na,839.564,408.288,Gold,Cholestane steroids,Terpenoids,Glycinated bile acids and derivatives
3006956,Yes,CCMSLIB00005464887,"""(R)-4-((3R,5S,7R,8R,9S,10S,12R,13R,14S,17R)-3,7,12-trihydroxy-10,13-dimethylhexadecahydro-1H-cyclopenta[a]phenanthren-17-yl)pentanoic acid""",2M+Na,839.564,408.288,Gold,Lipopeptides,Amino acids and Peptides,Glycinated bile acids and derivatives
3006993,Yes,CCMSLIB00005465650,"""(R)-4-((3S,5R,6R,7R,8S,9S,10R,13R,14S,17R)-3,6,7-trihydroxy-10,13-dimethylhexadecahydro-1H-cyclopenta[a]phenanthren-17-yl)pentanoic acid""",2M+Na,839.564,408.288,Gold,Dammarane and Protostane triterpenoids,Terpenoids,Triterpene saponins
3007009,Yes,CCMSLIB00005465650,"""(R)-4-((3S,5R,6R,7R,8S,9S,10R,13R,14S,17R)-3,6,7-trihydroxy-10,13-dimethylhexadecahydro-1H-cyclopenta[a]phenanthren-17-yl)pentanoic acid""",2M+Na,839.564,408.288,Gold,Linear peptides,Amino acids and Peptides,Oligopeptides
3007598,Yes,NA,NA,NA,NA,NA,NA,Lipopeptides,Terpenoids,Glycinated bile acids and derivatives
3007625,Yes,NA,NA,NA,NA,NA,NA,Neutral glycosphingolipids,Fatty acids,Glycosyl-N-acylsphingosines
3013347,Yes,NA,NA,NA,NA,NA,NA,Polyamines,Amino acids and Peptides,Oligopeptides
3047052,Yes,NA,NA,NA,NA,NA,NA,NA,NA,NA
3051904,Yes,NA,NA,NA,NA,NA,NA,NA,NA,NA
3062239,Yes,NA,NA,NA,NA,NA,NA,NA,NA,NA
3091763,Yes,NA,NA,NA,NA,NA,NA,NA,NA,NA
3091780,Yes,NA,NA,NA,NA,NA,NA,NA,NA,NA
3091791,Yes,NA,NA,NA,NA,NA,NA,NA,NA,NA
3091866,Yes,NA,NA,NA,NA,NA,NA,NA,NA,NA
3128843,Yes,NA,NA,NA,NA,NA,NA,NA,NA,NA
3153367,Yes,NA,NA,NA,NA,NA,NA,NA,NA,NA
3153368,Yes,NA,NA,NA,NA,NA,NA,NA,NA,NA
3153686,Yes,NA,NA,NA,NA,NA,NA,NA,NA,NA
3153687,Yes,NA,NA,NA,NA,NA,NA,NA,NA,NA
3154296,Yes,NA,NA,NA,NA,NA,NA,NA,NA,NA
3155274,Yes,NA,NA,NA,NA,NA,NA,NA,NA,NA
3155276,Yes,NA,NA,NA,NA,NA,NA,NA,NA,NA
3155280,Yes,NA,NA,NA,NA,NA,NA,NA,NA,NA
3155289,Yes,NA,NA,NA,NA,NA,NA,NA,NA,NA
3161112,Yes,NA,NA,NA,NA,NA,NA,NA,NA,NA
3161113,Yes,NA,NA,NA,NA,NA,NA,NA,NA,NA
316260,Yes,NA,NA,NA,NA,NA,NA,Phenylalanine-derived alkaloids,Alkaloids,Amino acids and derivatives
316387,Yes,NA,NA,NA,NA,NA,NA,Phenylalanine-derived alkaloids,Alkaloids,Amino acids and derivatives
3170007,Yes,NA,NA,NA,NA,NA,NA,NA,NA,NA
3170015,Yes,NA,NA,NA,NA,NA,NA,NA,NA,NA
3170021,Yes,NA,NA,NA,NA,NA,NA,NA,NA,NA
3172500,Yes,NA,NA,NA,NA,NA,NA,NA,NA,NA
3175726,Yes,NA,NA,NA,NA,NA,NA,NA,NA,NA
3175786,Yes,NA,NA,NA,NA,NA,NA,NA,NA,NA
3176344,Yes,NA,NA,NA,NA,NA,NA,NA,NA,NA
3176346,Yes,NA,NA,NA,NA,NA,NA,NA,NA,NA
3176347,Yes,NA,NA,NA,NA,NA,NA,NA,NA,NA
3176503,Yes,NA,NA,NA,NA,NA,NA,NA,NA,NA
3176577,Yes,NA,NA,NA,NA,NA,NA,NA,NA,NA
3176798,Yes,NA,NA,NA,NA,NA,NA,NA,NA,NA
3176799,Yes,NA,NA,NA,NA,NA,NA,NA,NA,NA
3176800,Yes,NA,NA,NA,NA,NA,NA,NA,NA,NA
3176846,Yes,NA,NA,NA,NA,NA,NA,NA,NA,NA
3176968,Yes,CCMSLIB00005435977,Cholic acid,3M+H,1225.87,408.288,Bronze,NA,NA,NA
3176969,Yes,CCMSLIB00005435977,Cholic acid,3M+H,1225.87,408.288,Bronze,NA,NA,NA
3176988,Yes,NA,NA,NA,NA,NA,NA,NA,NA,NA
3177537,Yes,CCMSLIB00005435972,Cholic acid,3M+NH4,1242.9,408.288,Bronze,NA,NA,NA
3177541,Yes,CCMSLIB00005435972,Cholic acid,3M+NH4,1242.9,408.288,Bronze,NA,NA,NA
3177550,Yes,NA,NA,NA,NA,NA,NA,NA,NA,NA
3177588,Yes,CCMSLIB00005435976,Cholic acid,3M+Na,1247.85,408.288,Bronze,NA,NA,NA
3177608,Yes,NA,NA,NA,NA,NA,NA,NA,NA,NA
3179544,Yes,NA,NA,NA,NA,NA,NA,NA,NA,NA
3180023,Yes,NA,NA,NA,NA,NA,NA,NA,NA,NA
3180030,Yes,NA,NA,NA,NA,NA,NA,NA,NA,NA
3180033,Yes,NA,NA,NA,NA,NA,NA,NA,NA,NA
3180035,Yes,NA,NA,NA,NA,NA,NA,NA,NA,NA
3180038,Yes,NA,NA,NA,NA,NA,NA,NA,NA,NA
3180041,Yes,NA,NA,NA,NA,NA,NA,NA,NA,NA
3180043,Yes,NA,NA,NA,NA,NA,NA,NA,NA,NA
3197649,Yes,NA,NA,NA,NA,NA,NA,Dipeptides,Amino acids and Peptides,Dipeptides
3228894,Yes,NA,NA,NA,NA,NA,NA,Purine nucleos(t)ides,Carbohydrates,Alpha amino acids and derivatives
323599,Yes,NA,NA,NA,NA,NA,NA,Fatty alcohols,Fatty acids,Fatty alcohols
3260648,Yes,NA,NA,NA,NA,NA,NA,Cannabinoids,Terpenoids,Benzenoids
3261745,Yes,NA,NA,NA,NA,NA,NA,Wax monoesters,Fatty acids,Fatty Acyls
3262152,Yes,NA,NA,NA,NA,NA,NA,Monoacylglycerols,Fatty acids,Dialkylthioethers
333041,Yes,NA,NA,NA,NA,NA,NA,Dipeptides,Alkaloids,Fatty Acyls
34720,Yes,NA,NA,NA,NA,NA,NA,NA,NA,NA
348168,Yes,CCMSLIB00003138161,Spectral Match to Equol from NIST14,M+H,243.101,0,Bronze,Imidazole alkaloids,Alkaloids,Phenol ethers
348178,Yes,NA,NA,NA,NA,NA,NA,Isoflavanones,Shikimates and Phenylpropanoids,Isoflavanols
35288,Yes,NA,NA,NA,NA,NA,NA,Pyridine alkaloids,Alkaloids,Organosulfonic acids and derivatives
35346,Yes,NA,NA,NA,NA,NA,NA,NA,NA,NA
353723,Yes,NA,NA,NA,NA,NA,NA,NA,NA,NA
36002,Yes,NA,NA,NA,NA,NA,NA,NA,NA,NA
3612,Yes,NA,NA,NA,NA,NA,NA,Aminoacids,Amino acids and Peptides,Alpha amino acids and derivatives
3653,Yes,NA,NA,NA,NA,NA,NA,NA,NA,NA
36738,Yes,NA,NA,NA,NA,NA,NA,Simple coumarins,Shikimates and Phenylpropanoids,Benzenoids
36879,Yes,NA,NA,NA,NA,NA,NA,Quinazoline alkaloids,Alkaloids,Imidazopyrimidines
38042,Yes,NA,NA,NA,NA,NA,NA,pteridine alkaloids,Alkaloids,Organic sulfuric acids and derivatives
386398,Yes,NA,NA,NA,NA,NA,NA,NA,NA,NA
386405,Yes,NA,NA,NA,NA,NA,NA,NA,NA,NA
386800,Yes,NA,NA,NA,NA,NA,NA,Aminoacids,Amino acids and Peptides,Alpha amino acids and derivatives
389028,Yes,NA,NA,NA,NA,NA,NA,NA,NA,NA
40309,Yes,NA,NA,NA,NA,NA,NA,Imidazole alkaloids,Alkaloids,Heteroaromatic compounds
40324,Yes,NA,NA,NA,NA,NA,NA,NA,NA,NA
40382,Yes,NA,NA,NA,NA,NA,NA,NA,NA,NA
40579,Yes,NA,NA,NA,NA,NA,NA,NA,NA,NA
40889,Yes,NA,NA,NA,NA,NA,NA,NA,NA,NA
409158,Yes,NA,NA,NA,NA,NA,NA,Hydrocarbons,Fatty acids,Organosulfur compounds
41320,Yes,NA,NA,NA,NA,NA,NA,NA,NA,NA
41382,Yes,NA,NA,NA,NA,NA,NA,NA,NA,NA
41416,Yes,NA,NA,NA,NA,NA,NA,NA,NA,NA
41419,Yes,NA,NA,NA,NA,NA,NA,NA,NA,NA
41449,Yes,NA,NA,NA,NA,NA,NA,NA,NA,NA
42185,Yes,NA,NA,NA,NA,NA,NA,NA,NA,NA
43782,Yes,NA,NA,NA,NA,NA,NA,NA,NA,NA
43936,Yes,NA,NA,NA,NA,NA,NA,NA,NA,NA
43953,Yes,NA,NA,NA,NA,NA,NA,NA,NA,NA
43957,Yes,NA,NA,NA,NA,NA,NA,Pyrrolidine alkaloids,Fatty acids,Alpha amino acids and derivatives
44290,Yes,NA,NA,NA,NA,NA,NA,NA,NA,NA
44413,Yes,NA,NA,NA,NA,NA,NA,NA,NA,NA
44444,Yes,NA,NA,NA,NA,NA,NA,Isocoumarins,Alkaloids,Carboxylic acids and derivatives
44445,Yes,NA,NA,NA,NA,NA,NA,pteridine alkaloids,Alkaloids,Nitroaromatic compounds
44459,Yes,NA,NA,NA,NA,NA,NA,pteridine alkaloids,Alkaloids,Thiadiazole sulfonamides
44465,Yes,NA,NA,NA,NA,NA,NA,Aminoacids,Amino acids and Peptides,Alpha amino acids and derivatives
44503,Yes,NA,NA,NA,NA,NA,NA,NA,NA,NA
44566,Yes,NA,NA,NA,NA,NA,NA,pteridine alkaloids,Alkaloids,Tetrazoles
44837,Yes,NA,NA,NA,NA,NA,NA,pteridine alkaloids,Alkaloids,Organic sulfuric acids and derivatives
44959,Yes,NA,NA,NA,NA,NA,NA,pteridine alkaloids,Alkaloids,Tetrazoles
45160,Yes,NA,NA,NA,NA,NA,NA,pteridine alkaloids,Alkaloids,Azoles
473746,Yes,NA,NA,NA,NA,NA,NA,Farnesane sesquiterpenoids,Terpenoids,Prenol lipids
474230,Yes,NA,NA,NA,NA,NA,NA,Unsaturated fatty acids,Fatty acids,Fatty Acyls
475292,Yes,NA,NA,NA,NA,NA,NA,Unsaturated fatty acids,Fatty acids,Fatty Acyls
475325,Yes,NA,NA,NA,NA,NA,NA,Unsaturated fatty acids,Fatty acids,Fatty Acyls
47864,Yes,NA,NA,NA,NA,NA,NA,Aminoacids,Alkaloids,Sulfuric acid diamides
47873,Yes,NA,NA,NA,NA,NA,NA,Aminoacids,Alkaloids,Sulfonyls
47884,Yes,NA,NA,NA,NA,NA,NA,Aminoacids,Amino acids and Peptides,Alkanolamines
48044,Yes,NA,NA,NA,NA,NA,NA,Aminoacids,Amino acids and Peptides,Dialkyldisulfides
483941,Yes,NA,NA,NA,NA,NA,NA,Dipeptides,Amino acids and Peptides,Alpha amino acids and derivatives
484024,Yes,NA,NA,NA,NA,NA,NA,Dipeptides,Amino acids and Peptides,Dipeptides
490681,Yes,NA,NA,NA,NA,NA,NA,Fatty alcohols,Terpenoids,Long-chain fatty alcohols
491053,Yes,NA,NA,NA,NA,NA,NA,NA,NA,NA
49116,Yes,NA,NA,NA,NA,NA,NA,NA,NA,NA
49681,Yes,NA,NA,NA,NA,NA,NA,Wax monoesters,Fatty acids,Monocarboxylic acids and derivatives
49711,Yes,NA,NA,NA,NA,NA,NA,NA,NA,NA
49772,Yes,NA,NA,NA,NA,NA,NA,NA,NA,NA
49780,Yes,NA,NA,NA,NA,NA,NA,Wax monoesters,Fatty acids,Phosphate esters
49887,Yes,NA,NA,NA,NA,NA,NA,Wax monoesters,Fatty acids,Phosphate esters
49889,Yes,NA,NA,NA,NA,NA,NA,NA,NA,NA
49915,Yes,NA,NA,NA,NA,NA,NA,NA,NA,NA
5071,Yes,NA,NA,NA,NA,NA,NA,Pyrazine and Piperazine alkaloids,Alkaloids,Aminopyrimidines and derivatives
53156,Yes,NA,NA,NA,NA,NA,NA,Iridoids monoterpenoids,Fatty acids,Sulfonyls
53160,Yes,NA,NA,NA,NA,NA,NA,Oxo fatty acids,Fatty acids,Thia fatty acids
53167,Yes,NA,NA,NA,NA,NA,NA,Iridoids monoterpenoids,Terpenoids,Sulfonyls
53215,Yes,NA,NA,NA,NA,NA,NA,Fatty alcohols,Fatty acids,Organooxygen compounds
53745,Yes,NA,NA,NA,NA,NA,NA,Aminoacids,Alkaloids,Heteroaromatic compounds
53954,Yes,NA,NA,NA,NA,NA,NA,Simple indole alkaloids,Alkaloids,Indoles
54498,Yes,NA,NA,NA,NA,NA,NA,Simple indole alkaloids,Alkaloids,Indoles
61111,Yes,NA,NA,NA,NA,NA,NA,NA,NA,NA
61162,Yes,NA,NA,NA,NA,NA,NA,NA,NA,NA
61620,Yes,NA,NA,NA,NA,NA,NA,NA,NA,NA
61676,Yes,NA,NA,NA,NA,NA,NA,NA,NA,NA
61723,Yes,NA,NA,NA,NA,NA,NA,NA,NA,NA
635268,Yes,NA,NA,NA,NA,NA,NA,Dipeptides,Amino acids and Peptides,N-acyl-alpha amino acids
635338,Yes,NA,NA,NA,NA,NA,NA,Dipeptides,Amino acids and Peptides,Dipeptides
639342,Yes,NA,NA,NA,NA,NA,NA,Polyamines,Alkaloids,Organonitrogen compounds
639376,Yes,NA,NA,NA,NA,NA,NA,Unsaturated fatty acids,Fatty acids,Long-chain fatty acids
639451,Yes,CCMSLIB00003134774,Spectral Match to Pinolenic acid from NIST14,M+H,279.232,278.225,Bronze,Unsaturated fatty acids,Fatty acids,Long-chain fatty acids
67100,Yes,NA,NA,NA,NA,NA,NA,Simple oxindole alkaloids,Alkaloids,Indolyl carboxylic acids and derivatives
6795,Yes,NA,NA,NA,NA,NA,NA,Pyrazine and Piperazine alkaloids,Alkaloids,Azoles
711103,Yes,NA,NA,NA,NA,NA,NA,NA,NA,NA
711106,Yes,NA,NA,NA,NA,NA,NA,NA,NA,NA
7132,Yes,NA,NA,NA,NA,NA,NA,Hydrocarbons,Fatty acids,Acetamides
713966,Yes,CCMSLIB00003138959,"Spectral Match to 4',5-Dihydroxy-7-methoxyflavanone from NIST14",M+H,287.092,0,Bronze,Cinnamic acids and derivatives,Polyketides,Phenol ethers
733725,Yes,NA,NA,NA,NA,NA,NA,NA,NA,NA
748878,Yes,NA,NA,NA,NA,NA,NA,NA,NA,NA
762652,Yes,NA,NA,NA,NA,NA,NA,Dipeptides,Amino acids and Peptides,N-acyl-alpha amino acids
810725,Yes,NA,NA,NA,NA,NA,NA,Dipeptides,Amino acids and Peptides,Dipeptides
846934,Yes,NA,NA,NA,NA,NA,NA,Tripeptides,Amino acids and Peptides,Alpha amino acids and derivatives
850542,Yes,NA,NA,NA,NA,NA,NA,Wax monoesters,Fatty acids,Long-chain fatty acids
850900,Yes,NA,NA,NA,NA,NA,NA,Unsaturated fatty acids,Fatty acids,Long-chain fatty acids
851355,Yes,CCMSLIB00003139097,"Spectral Match to cis-8,11,14-Eicosatrienoic acid from NIST14",M+H,307.263,306.256,Bronze,Unsaturated fatty acids,Fatty acids,Long-chain fatty acids
885916,Yes,CCMSLIB00003136393,Spectral Match to Phe-Phe from NIST14,M+H,313.155,0,Bronze,Dipeptides,Amino acids and Peptides,Dipeptides
885937,Yes,NA,NA,NA,NA,NA,NA,Dipeptides,Amino acids and Peptides,Dipeptides
886056,Yes,NA,NA,NA,NA,NA,NA,Simple amide alkaloids,Alkaloids,Amino acids and derivatives
902469,Yes,NA,NA,NA,NA,NA,NA,Dipeptides,Amino acids and Peptides,Dipeptides
902951,Yes,NA,NA,NA,NA,NA,NA,Imidazole alkaloids,Alkaloids,Alpha amino acid amides
926099,Yes,NA,NA,NA,NA,NA,NA,Dipeptides,Amino acids and Peptides,Dipeptides
926115,Yes,NA,NA,NA,NA,NA,NA,Dipeptides,Amino acids and Peptides,Dipeptides
926116,Yes,NA,NA,NA,NA,NA,NA,Dipeptides,Amino acids and Peptides,Dipeptides
926117,Yes,NA,NA,NA,NA,NA,NA,Dipeptides,Amino acids and Peptides,N-acyl-alpha amino acids
926194,Yes,NA,NA,NA,NA,NA,NA,Dipeptides,Amino acids and Peptides,Alpha amino acids
987940,Yes,NA,NA,NA,NA,NA,NA,Dipeptides,Amino acids and Peptides,Dipeptides
990535,Yes,NA,NA,NA,NA,NA,NA,Aminoacids,Amino acids and Peptides,Cysteine and derivatives